id,name,latitude,longitude
296,Division St & Bowery,40.71413089,-73.9970468
3210,Pershing Field,40.742677141,-74.051788633
3414,Bergen St & Flatbush Ave,40.680944723477296,-73.97567331790923
3606,49 Ave & 21 St,40.74252,-73.948852
467,Dean St & 4 Ave,40.68312489,-73.97895137
3368,5 Ave & 3 St,40.6728155,-73.98352355
3441,10 Hudson Yards,40.752957,-74.00264
3517,31 St & Hoyt Ave N,40.7711528,-73.9170074
3826,Moffat St & Bushwick,40.68458,-73.90925
3858,Kent St & McGuinness Blvd,40.73124,-73.95161
3526,31 St & 23 Ave,40.7747878,-73.9125551
3836,Bushwick Ave & Linden St,40.69146,-73.92146
3838,Bushwick Ave & Harman St,40.69356,-73.92524
3121,Jackson Ave & 46 Rd,40.74524768,-73.94733276
3249,Verona Pl & Fulton St,40.6803560840434,-73.9476791024208
3312,1 Ave & E 94 St,40.7817212,-73.94594
447,8 Ave & W 52 St,40.76370739,-73.9851615
3057,Kosciuszko St & Tompkins Ave,40.69128258,-73.9452416
307,Canal St & Rutgers St,40.71427487,-73.98990025
3167,Amsterdam Ave & W 73 St,40.77966809007312,-73.98093044757842
3491,E 118 St & 1 Ave,40.79747,-73.93504
3895,Cypress Ave & Palmetto St,40.701573408737914,-73.90876293182373
3898,E 63 St & 3 Ave,40.763954,-73.9646
3902,Fairview Ave & Linden St,40.70694,-73.90632
3179,Park Ave & Marcus Garvey Blvd,40.698617,-73.941342
3241,Monroe St & Tompkins Ave,40.686203,-73.944694
3299,E 98 St & Park Ave,40.78813,-73.95206
334,W 20 St & 7 Ave,40.74238787,-73.99726235
3553,Frederick Douglass Blvd & W 112 St,40.801694,-73.957145
3848,Suydam St & Broadway,40.69544,-73.93223
3875,Stephen St & Seneca Ave,40.6988,-73.9007
3250,58th St Depot,40.71690978045965,-73.98383796215057
3365,3 St & 7 Ave,40.6703837,-73.97839676
3408,Congress St & Clinton St,40.6881529,-73.99520919
3641,Broadway & W 25 St,40.74286877312112,-73.98918628692627
3656,E 2 St & Avenue A,40.72307749068673,-73.98583620786667
3891,Irving Ave & Palmetto St,40.698,-73.9127
442,W 27 St & 7 Ave,40.746647,-73.993915
462,W 22 St & 10 Ave,40.74691959,-74.00451887
470,W 20 St & 8 Ave,40.74345335,-74.00004031
232,Cadman Plaza E & Tillary St,40.69597683,-73.99014892
282,Kent Ave & S 11 St,40.707644944175705,-73.96841526031494
3454,Leonard St & Maujer St,40.7103685423523,-73.94705951213837
3661,Montgomery St & Franklin Ave,40.666439306870814,-73.9605563879013
3819,Green St & McGuinness Blvd,40.73396,-73.95204
383,Greenwich Ave & Charles St,40.735238,-74.000271
448,W 37 St & 10 Ave,40.75660359,-73.9979009
3145,E 84 St & Park Ave,40.77862688,-73.95772073
3570,35 Ave & 37 St,40.7557327,-73.9236611
3863,Central Ave & Woodbine St,40.69296,-73.91605
483,E 12 St & 3 Ave,40.73223272,-73.98889957
3140,1 Ave & E 78 St,40.77140426,-73.9535166
317,E 6 St & Avenue B,40.72453734,-73.98185424
3490,E 116 St & 2 Ave,40.796879,-73.937261
3581,Underhill Ave & Lincoln Pl,40.6740123,-73.9671457
3711,E 13 St & Avenue A,40.731,-73.980
3740,W Broadway & W Houston St,40.726378,-74.000472
3781,Greene Av & Myrtle Av,40.698568,-73.918877
2012,E 27 St & 1 Ave,40.739445,-73.976806
388,W 26 St & 10 Ave,40.749717753,-74.002950346
3884,Centre St & Seneca Ave,40.69969,-73.9022
495,W 47 St & 10 Ave,40.76269882,-73.99301222
3521,Lenox Ave & W 111 St,40.7987859,-73.9523
3578,Park Pl & Franklin Ave,40.6741806,-73.9564947
3584,Eastern Pkwy & Franklin Ave,40.6707767,-73.9576801
279,Peck Slip & Front St,40.707873,-74.00167
3187,Warren St,40.7211236,-74.03805095
3489,Gold St & Frankfort St,40.71069994631387,-74.00354146957397
3709,W 15 St & 6 Ave,40.738046142482766,-73.99642959237099
3764,Bushwick Ave & McKibbin St,40.705517,-73.93936
415,Pearl St & Hanover Square,40.7047177,-74.00926027
422,W 59 St & 10 Ave,40.770,-73.989
3107,Bedford Ave & Nassau Ave,40.72311651,-73.95212324
323,Lawrence St & Willoughby St,40.69236178,-73.98631746
3378,E 76 St & Park Ave,40.773763,-73.96222088
351,Front St & Maiden Ln,40.70530954,-74.00612572
361,Allen St & Hester St,40.716,-73.992
3660,W 16 St & 8 Ave,40.741021509002664,-74.001384973526
3728,Pierrepont St & Monroe Pl,40.69535693320225,-73.99344027042389
387,Centre St & Chambers St,40.71273266,-74.0046073
309,Murray St & West St,40.7149787,-74.013012
3399,7 St & 3 Ave,40.67260298150126,-73.98983001708984
3546,Pacific St & Classon Ave,40.6791944,-73.9587903
419,Carlton Ave & Park Ave,40.69580705,-73.97355569
3074,Montrose Ave & Bushwick Ave,40.70767788,-73.94016171
3494,E 115 St & Lexington Ave,40.797911,-73.9423
534,Water - Whitehall Plaza,40.70255065,-74.0127234
3078,Broadway & Roebling St,40.70924826276157,-73.96063148975372
3583,Eastern Pkwy & Washington Ave,40.6716493,-73.9631145
3716,40 Ave & Crescent St,40.753599202005596,-73.93795609474182
434,9 Ave & W 18 St,40.74317449,-74.00366443
468,Broadway & W 56 St,40.764,-73.983
308,St James Pl & Oliver St,40.71307916,-73.99851193
3496,1 Ave & E 110 St,40.7923272,-73.9383
356,Bialystoker Pl & Delancey St,40.71622644,-73.98261206
3582,Lincoln Pl & Classon Ave,40.6721683,-73.9609
3646,35 Ave & 10 St,40.76315481910373,-73.93985509872437
3745,36 Ave & 31 St,40.75651272984955,-73.92957486212252
3777,Stockholm St & Wilson Ave,40.699304,-73.923044
459,W 20 St & 11 Ave,40.746745,-74.007756
3325,E 95 St & 3 Ave,40.7849032,-73.950503
3337,Dwight St & Van Dyke St,40.67363551341504,-74.01195555925369
3662,31 Ave & Steinway St,40.761293897289086,-73.916916847229
446,W 24 St & 7 Ave,40.74487634,-73.99529885
478,11 Ave & W 41 St,40.76030096,-73.99884222
3288,E 88 St & 1 Ave,40.778301,-73.9488134
3346,Berkeley Pl & 7 Ave,40.675146838709786,-73.97523209452629
3386,1 Pl & Clinton St,40.6809591,-73.99905709
3466,W 45 St & 6 Ave -,40.75668720603179,-73.98257732391357
3478,2 Ave & 36 St - Citi Bike HQ at Industry City,40.65708866668485,-74.00870203971863
3597,43 St & Broadway,40.7577284,-73.9166368
3615,44 Dr & 21 St,40.748,-73.9460927
406,Hicks St & Montague St,40.69512845,-73.99595065
432,E 7 St & Avenue A,40.72621788,-73.98379855
3072,Leonard St & Boerum St,40.70583339,-73.94644578
3131,E 68 St & 3 Ave,40.76712840349542,-73.96224617958069
3529,Lenox Ave & W 130 St,40.8107922,-73.9430681
3532,Ditmars Blvd & 19 St,40.78145,-73.9183302
3814,E 56 St & Madison Ave,40.761573,-73.972628
443,Bedford Ave & S 9 St,40.70853074,-73.96408963
3058,Lewis Ave & Kosciuszko St,40.69237074,-73.93705428
3580,St Johns Pl & Washington Ave,40.6737236,-73.9631611
3733,Avenue C & E 18 St,40.730563,-73.973984
3154,E 77 St & 3 Ave,40.77314236,-73.95856158
3559,21 St & 38 Ave,40.7576314,-73.9391224
365,Fulton St & Grand Ave,40.68223166,-73.9614583
3720,Wyckoff St & Bond St,40.68461653897949,-73.98721285164356
3833,Madison St & Evergreen Ave,40.69122,-73.91693
389,Broadway & Berry St,40.71044554,-73.96525063
524,W 43 St & 6 Ave,40.75527307,-73.98316936
3060,Willoughby Ave & Tompkins Ave,40.69425403,-73.94626915
3162,W 78 St & Broadway,40.78339981,-73.98093133
146,Hudson St & Reade St,40.71625008,-74.0091059
250,Lafayette St & Jersey St,40.72456089,-73.99565293
3087,Metropolitan Ave & Meeker Ave,40.71413311,-73.95234386
310,State St & Smith St,40.68926942,-73.98912867
3148,E 84 St & 1 Ave,40.77565541,-73.95068615
3395,Henry St & W 9 St,40.6763744,-74.00324957
3544,Underhill Ave & Pacific St,40.6804836,-73.9646795
3727,Frost St & Meeker Ave,40.71766197083994,-73.94880026578903
3507,Park Ave & E 124 St,40.8045555,-73.9396861
379,W 31 St & 7 Ave,40.749156,-73.9916
2017,E 43 St & 2 Ave,40.75022392,-73.97121414
3379,E 103 St & Lexington Ave,40.7903051,-73.94755757
3429,Hanson Pl & Ashland Pl,40.68506807308177,-73.97790759801863
3452,Bayard St & Leonard St,40.71915571696044,-73.94885390996933
3063,Nostrand Ave & Myrtle Ave,40.69527008,-73.95238108
3391,E 106 St & 1 Ave,40.7892529,-73.93956237
3577,34 Ave & 21 St,40.7628138,-73.9342862
3723,Cadman Plaza E & Johnson St,40.695317277669034,-73.99015724658966
258,DeKalb Ave & Vanderbilt Ave,40.68940747,-73.96885458
3449,Eckford St & Engert Ave,40.721462562298164,-73.94800901412964
479,9 Ave & W 45 St,40.76019252,-73.9912551
3095,Graham Ave & Herbert St,40.71929301,-73.94500379
3327,3 Ave & E 100 St,40.7877214,-73.94728331
3506,Lexington Ave & E 120 St,40.8013066,-73.9398167
3541,Amsterdam Ave & W 125 St,40.813358,-73.956461
3171,Amsterdam Ave & W 82 St,40.78524672,-73.97667321
3358,Garfield Pl & 8 Ave,40.6711978,-73.97484126
3402,Court St & State St,40.6902375,-73.99203074
3405,5 St & 6 Ave,40.6704836,-73.98208968
343,Clinton Ave & Flushing Ave,40.69794,-73.96986848
423,W 54 St & 9 Ave,40.76584941,-73.98690506
539,Metropolitan Ave & Bedford Ave,40.71534825,-73.96024116
3080,S 4 St & Rodney St,40.70934,-73.95608
3504,E 123 St & Lexington Ave,40.8029263,-73.9379
3565,36 Ave & 10 St,40.7614376,-73.9411265
3630,Frederick Douglass Blvd & W 115 St,40.8038654,-73.9559308
3726,Center Blvd & 51 Ave,40.743366080270214,-73.95960688591003
3105,N 15 St & Wythe Ave,40.724055,-73.955736
3137,5 Ave & E 73 St,40.77282817,-73.96685276
3191,Union St,40.7182113,-74.0836394
3226,W 82 St & Central Park West,40.78275,-73.97137
3509,Lenox Ave & W 115 St,40.8011939,-73.9500739
3512,27 Ave & 4 St,40.7747175,-73.9337894
3663,Sterling Pl & 7 Ave,40.67716489469059,-73.973827958107
3770,Central Ave & Flushing Ave,40.702831,-73.9333
3879,Broadway & Madison St,40.68822,-73.91966
2005,Railroad Ave & Kay Ave,40.70531194,-73.97100056
251,Mott St & Prince St,40.722,-73.995
3315,Henry St & Degraw St,40.6847514,-73.99917254
3354,3 St & Prospect Park West,40.668132,-73.97363831
3605,31 Ave & Crescent St,40.7658346,-73.9265474
3649,W 129 St & Convent Ave,40.814394437915816,-73.95324736833572
488,W 39 St & 9 Ave,40.75645824,-73.99372222
3126,44 Dr & Jackson Ave,40.74718234,-73.9432635
2000,Front St & Washington St,40.70255088,-73.98940236
3106,Driggs Ave & N Henry St,40.72325,-73.94308
3691,28 Ave & 44 St,40.76408932350688,-73.91065120697021
441,E 52 St & 2 Ave,40.756014,-73.967416
3118,McGuinness Blvd & Eagle St,40.73555,-73.95284
3300,Prospect Park West & 8 St,40.66514681533792,-73.97637605667114
3747,E 84 St & 3 Ave,40.77755374298887,-73.95512759685516
3911,Wyckoff St & Nevins St,40.683426,-73.984275
410,Suffolk St & Stanton St,40.72066442,-73.98517977
276,Duane St & Greenwich St,40.71748752,-74.0104554
298,3 Ave & Schermerhorn St,40.68683208,-73.9796772
3054,Greene Ave & Throop Ave,40.6894932,-73.942061
3272,Jersey & 3rd,40.72333158646436,-74.04595255851744
3314,W 95 St & Broadway,40.7937704,-73.971888
3360,Amsterdam Ave & W 79 St,40.7829391,-73.9786517
3773,Knickerbocker Ave & Thames St,40.70539,-73.92976
528,2 Ave & E 31 St,40.743,-73.977
195,Liberty St & Broadway,40.70905623,-74.01043382
223,W 13 St & 7 Ave,40.73781509,-73.99994661
3551,3 Ave & E 112 St,40.795508,-73.941606
3821,Evergreen Ave & Noll St,40.70106,-73.93318
458,11 Ave & W 27 St,40.751396,-74.005226
466,W 25 St & 6 Ave,40.74395411,-73.99144871
3352,Sigourney St & Columbia St,40.67267243410948,-74.0087952464819
3572,34 Ave & 38 St,40.756913,-73.921631
3607,31 Ave & 14 St,40.7682,-73.9322662
3153,E 71 St & 2 Ave,40.76817546742245,-73.95910263061523
372,Franklin Ave & Myrtle Ave,40.694546087246025,-73.95801365375519
3771,McKibbin St & Bogart St,40.706237,-73.933871
3524,19 St & 24 Ave,40.7774552,-73.9225403
3527,5 Ave & E 126 St,40.80698,-73.941747
3622,E 128 St & Madison Ave,40.80756,-73.939182
3653,31 St & 35 Ave,40.75820464696758,-73.92832159996033
3860,Wilson Ave & Troutman St,40.70166,-73.92754
3883,Harman St & Seneca Ave,40.70577,-73.91292
3276,Marin Light Rail,40.71458403535893,-74.04281705617905
3310,14 St & 7 Ave,40.663779,-73.98396846
3809,W 55 St & 6 Ave,40.763189,-73.978434
3849,Suydam St & St. Nicholas Ave,40.70636,-73.91945
390,Duffield St & Willoughby St,40.69221589,-73.9842844
3110,Meserole Ave & Manhattan Ave,40.72708584,-73.95299117
3328,W 100 St & Manhattan Ave,40.795,-73.9645
3373,3 St & 3 Ave,40.6750705,-73.98775226
3692,5 St & Market St,40.699997484388504,-73.97440128028393
3793,Stuyvesant Walk & 1 Av Loop,40.732339777151054,-73.97898383438587
3823,Beaver St & Fayette St,40.70099,-73.93921
267,Broadway & W 36 St,40.752,-73.989
3463,E 16 St & Irving Pl,40.735367055605394,-73.98797392845154
3772,Devoe St & Morgan Ave,40.713811,-73.93515
3909,Madison St & Woodward Ave,40.70408,-73.90408
284,Greenwich Ave & 8 Ave,40.7390169121,-74.0026376103
3044,Albany Ave & Fulton St,40.6800105,-73.938475
3195,Sip Ave,40.73089709786179,-74.06391263008118
3283,W 89 St & Columbus Ave,40.7882213,-73.97041561
3744,1 Ave & E 5 St,40.725864,-73.986389
408,Market St & Cherry St,40.71076228,-73.99400398
440,E 45 St & 3 Ave,40.75255434,-73.97282625
520,W 52 St & 5 Ave,40.75992262,-73.97648516
248,Laight St & Hudson St,40.72185379,-74.00771779
3128,21 St & 43 Ave,40.75052534,-73.94594845
3161,W 76 St & Columbus Ave,40.7801839724239,-73.97728532552719
3255,8 Ave & W 31 St,40.7505853470215,-73.9946848154068
327,Vesey Pl & River Terrace,40.7153379,-74.01658354
3307,West End Ave & W 94 St,40.7941654,-73.974124
3707,Lexington Ave & E 26 St,40.741459,-73.983293
3837,Broadway & Kosciuszko St,40.69329,-73.92852
3867,Somers St & Broadway,40.67945,-73.90474
484,W 44 St & 5 Ave,40.75500254,-73.98014437
320,Leonard St & Church St,40.717571,-74.005549
3347,Van Brunt St & Wolcott St,40.6773429,-74.01275056
3350,W 100 St & Broadway,40.7973721,-73.97041192
3618,27 St & Hunter St,40.7485,-73.941275
3619,Newtown Ave & 23 St,40.7713615,-73.9246145
3724,7 Ave & Central Park South,40.7667405590595,-73.9790689945221
3852,Stewart Ave & Johnson Ave,40.70869,-73.92587
3372,E 74 St & 1 Ave,40.7689738,-73.95482273
3393,Richards St & Delavan St,40.6794327,-74.00785041
3558,Bergen St & Vanderbilt Ave,40.6794388,-73.9680438
503,E 20 St & Park Ave,40.73827428,-73.98751968
3068,Humboldt St & Varet St,40.7031724,-73.940636
3196,Riverview Park,40.7443187,-74.0439909
3296,E 93 St & 2 Ave,40.782454175279874,-73.9489196240902
3389,Carroll St & Columbia St,40.6830456,-74.00348559
3811,27 Ave & 3 St,40.77485,-73.9342
3855,Frost St & Debevoise Ave,40.71882,-73.93948
401,Allen St & Rivington St,40.72019576,-73.98997825
421,Clermont Ave & Park Ave,40.69573398,-73.97129668
3117,Franklin St & Dupont St,40.73564,-73.95866
3172,W 74 St & Columbus Ave,40.7785669,-73.97754961
3676,Van Brunt St & Van Dyke St,40.6758329439129,-74.01472628116608
3285,W 87 St & Amsterdam Ave,40.78839,-73.9747
3340,Wolcott St & Dwight St,40.6753274,-74.0100698
3892,38 Ave & 29 St,40.75473,-73.93367
3125,45 Rd & 11 St,40.74708586,-73.94977234
3243,E 58 St & 1 Ave,40.75892386377695,-73.96226227283478
3309,E 97 St & 3 Ave,40.7859201,-73.94860294
3523,24 Ave & 29 St,40.7729,-73.916142
359,E 47 St & Park Ave,40.75510267,-73.97498696
3876,Forest Ave & Summerfield St,40.69922,-73.89795
481,S 3 St & Bedford Ave,40.71260486,-73.96264403
523,W 38 St & 8 Ave,40.75466591,-73.99138152
3134,3 Ave & E 62 St,40.76312584,-73.96526895
3221,47 Ave & 31 St,40.743,-73.93561
3338,2 Ave & E 99 St,40.7862586,-73.94552579
476,E 31 St & 3 Ave,40.74394314,-73.97966069
174,E 25 St & 1 Ave,40.7381765,-73.97738662
3113,Greenpoint Ave & Manhattan Ave,40.73026,-73.95394
3282,5 Ave & E 88 St,40.78307,-73.95939
3674,Jay St & York St,40.701403172577244,-73.98672670125961
3789,Fulton St & Irving Pl,40.68186,-73.959432
168,W 18 St & 6 Ave,40.73971301,-73.99456405
2002,Wythe Ave & Metropolitan Ave,40.716887,-73.963198
302,Avenue D & E 3 St,40.72082834,-73.97793172
3321,Clinton St & Union St,40.6831164,-73.99785267
3595,35 St & Broadway,40.760339,-73.9222427
453,W 22 St & 8 Ave,40.74475148,-73.99915362
502,Henry St & Grand St,40.714211,-73.981095
224,Spruce St & Nassau St,40.71146364,-74.00552427
3092,Berry St & N 8 St,40.7190095,-73.95852515
3213,Van Vorst Park,40.71848892,-74.047726625
3549,Grand Ave & Bergen St,40.678045,-73.962408
364,Lafayette Ave & Classon Ave,40.68900443,-73.96023854
505,6 Ave & W 33 St,40.749,-73.989
2009,Catherine St & Monroe St,40.71117444,-73.99682619
3002,South End Ave & Liberty St,40.711512,-74.015756
3052,Lewis Ave & Madison St,40.686312,-73.935775
3333,Columbia St & Lorraine St,40.6747055,-74.0075572
3339,Berkeley Pl & 6 Ave,40.6765304,-73.97846879
3534,Frederick Douglass Blvd & W 117 St,40.805159,-73.954692
3790,Henry St & Middagh St,40.7003,-73.991581
477,W 41 St & 8 Ave,40.755,-73.989
496,E 16 St & 5 Ave,40.73726186,-73.99238967
274,Lafayette Ave & Fort Greene Pl,40.68691865,-73.976682
3112,Milton St & Franklin St,40.72906,-73.95779
3139,E 72 St & Park Ave,40.77118287540658,-73.96409422159195
3693,N 11 St & Kent Ave,40.72248188638219,-73.95921930670738
3737,Stanton St & Norfolk St,40.720747,-73.986274
493,W 45 St & 6 Ave,40.7568001,-73.98291153
3712,W 35 St & Dyer Ave,40.754691750226016,-73.99740189313889
3760,Willoughby Ave & Wyckoff Ave,40.705614,-73.92153
3539,W 116 St & Amsterdam Ave,40.8067581,-73.9607082
3609,Vernon Blvd & 31 Ave,40.7692475,-73.9354504
3640,Journal Square,40.73367,-74.0625
3351,E 102 St & 1 Ave,40.7869946,-73.94164802
3437,Riverside Dr & W 91 St,40.79313480986663,-73.97700369358063
3511,Adam Clayton Powell Blvd & W 115 St,40.802535,-73.9532423
3774,Knickerbocker Ave & George St,40.704425,-73.92836
3048,Putnam Ave & Nostrand Ave,40.68402,-73.94977
3329,Degraw St & Smith St,40.6829151,-73.99318208
3336,E 97 St & Madison Ave,40.787801,-73.953559
3536,W 116 St & Broadway,40.8082,-73.9641
120,Lexington Ave & Classon Ave,40.68676793,-73.95928168
3305,E 91 St & 2 Ave,40.782,-73.950
3864,Central Ave & Covert St,40.68929,-73.90951
492,W 33 St & 7 Ave,40.75019995,-73.99093085
3042,Fulton St & Utica Ave,40.6794268,-73.9298911
326,E 11 St & 1 Ave,40.72953837,-73.98426726
3377,Carroll St & Bond St,40.6786115,-73.99037292
3721,31 St & Newtown Ave,40.7675487799971,-73.9209334552288
268,Howard St & Centre St,40.71910537,-73.99973337
3233,E 48 St & 5 Ave,40.75724567911726,-73.97805914282799
3355,E 66 St & Madison Ave,40.76800889305947,-73.96845281124115
3369,E 82 St & East End Ave,40.7724607,-73.9468208
3590,Carroll St & Franklin Ave,40.6679411,-73.9588
3610,Vernon Blvd & 30 Rd,40.770845,-73.934171
3115,India St & Manhattan Ave,40.73232194,-73.9550858
3518,Lenox Ave & W 126 St,40.808442,-73.9452087
3868,Knickerbocker Ave & Halsey St,40.693,-73.90824
2006,Central Park S & 6 Ave,40.76590936,-73.97634151
3186,Grove St PATH,40.71958611647166,-74.04311746358871
3566,Crescent St & 35 Ave,40.7596276,-73.9321455
3576,Park Pl & Vanderbilt Ave,40.6767,-73.969024
3882,Norman St & Wyckoff Ave,40.69517,-73.90311
164,E 47 St & 2 Ave,40.75323098,-73.97032517
3151,E 81 St & York Ave,40.7728384,-73.94989233
3170,W 84 St & Columbus Ave,40.78499979,-73.97283406
455,1 Ave & E 44 St,40.75001986,-73.96905301
3343,W 107 St & Columbus Ave,40.7997568,-73.9621128676
3699,W 50 St & 9 Ave,40.763604677958625,-73.98917958140373
328,Watts St & Greenwich St,40.72405549,-74.00965965
486,Broadway & W 29 St,40.7462009,-73.98855723
501,FDR Drive & E 35 St,40.744219,-73.97121214
228,E 48 St & 3 Ave,40.7546011026,-73.971878855
3160,Central Park West & W 76 St,40.77896784,-73.97374737
3182,Yankee Ferry Terminal,40.686931,-74.016966
3560,28 St & 38 Ave,40.754876,-73.934326
525,W 34 St & 11 Ave,40.75594159,-74.0021163
3788,E 12 St & 4 Av,40.73269,-73.98974
3871,Bushwick Ave & Furman Ave,40.68281,-73.90623
3903,Jefferson Ave & Evergreen Ave,40.68989,-73.91458
257,Lispenard St & Broadway,40.71939226,-74.00247214
3046,Marcus Garvey Blvd & Macon St,40.682601,-73.938037
3049,Cambridge Pl & Gates Ave,40.68488,-73.96304
3348,Coffey St & Conover St,40.677236,-74.015665
3503,Madison Ave & E 120 St,40.80295,-73.942954
3758,George St & Wilson Ave,40.702997,-73.92997
385,E 55 St & 2 Ave,40.75797322,-73.96603308
517,Pershing Square South,40.751581,-73.97791
3061,Throop Ave & Myrtle Ave,40.69622937,-73.94371094
3159,W 67 St & Broadway,40.77492513,-73.98266566
3183,Exchange Place,40.7162469,-74.0334588
3301,Columbus Ave & W 95 St,40.7919557,-73.968087
3865,Knickerbocker Ave & Cooper St,40.69081,-73.90448
341,Stanton St & Mangin St,40.71782143,-73.97628939
3415,Prospect Pl & 6 Ave,40.6793307,-73.97519523
3718,E 11 St & Avenue B,40.72746420692392,-73.97950418293476
3202,Newport PATH,40.7272235,-74.0337589
3366,West End Ave & W 107 St,40.8021174,-73.9681805305
3420,Douglass St & 3 Ave,40.6802133,-73.98432695
3579,Sterling Pl & Bedford Ave,40.672695,-73.954131
3757,Stagg St & Morgan Ave,40.710681,-73.93372
3295,Central Park W & W 96 St,40.79127,-73.964839
3409,Bergen St & Smith St,40.6867443,-73.99063168
3563,28 St & 36 Ave,40.757186,-73.932719
3778,Irving Ave & DeKalb Ave,40.7027,-73.92095
3816,Metropolitan Ave & Vandervoort Ave,40.71429,-73.93323
3877,Madison St & Forest Ave,40.70555,-73.90245
344,Monroe St & Bedford Ave,40.6851443,-73.95380904
3535,Mt Morris Park W & W 120 St,40.804038,-73.945925
3910,Greene Ave & Grandview Ave,40.709697,-73.907856
229,Great Jones St,40.72743423,-73.99379025
244,Willoughby Ave & Hall St,40.69196035,-73.96536851
3599,Franklin Ave & Empire Blvd,40.66314,-73.9605695
3639,Harborside,40.7192517,-74.034234
3850,Jefferson St & Cypress Ave,40.70907,-73.92157
3330,Henry St & Bay St,40.6725058,-74.00494695
3469,India St & West St,40.73181401720966,-73.95995020866394
3540,Morningside Ave & W 123 St,40.81,-73.9551508
3585,Union St & Bedford Ave,40.6691783,-73.9554162
3603,31 Ave & 30 St,40.7647,-73.9240312
3608,5 St & 51 Ave,40.7423737,-73.9566
3278,Monmouth and 6th,40.72568548362901,-74.04879033565521
418,Front St & Gold St,40.70224,-73.982578
335,Washington Pl & Broadway,40.728,-73.995
3459,E 53 St & 3 Ave,40.75763227739443,-73.96930575370789
354,Emerson Pl & Myrtle Ave,40.69363137,-73.96223558
3739,Perry St & Greenwich Ave,40.735918,-74.000939
3246,Montague St & Clinton St,40.694281141397326,-73.99230033159256
347,Greenwich St & W Houston St,40.728846,-74.008591
3689,W 104 St & Amsterdam Ave,40.799041392882984,-73.96649479866028
464,E 56 St & 3 Ave,40.75934501,-73.96759673
128,MacDougal St & Prince St,40.72710258,-74.00297088
280,E 10 St & 5 Ave,40.73331967,-73.99510132
3323,W 106 St & Central Park West,40.7981856,-73.9605909006
3623,W 120 St & Claremont Ave,40.8109494,-73.9634
3828,Eldert St & Bushwick Ave,40.68652,-73.91321
3896,Madison St & Seneca Ave,40.70183,-73.90625
439,E 4 St & 2 Ave,40.7262807,-73.98978041
533,Broadway & W 38 St,40.75299641,-73.98721619
3047,Halsey St & Tompkins Ave,40.6823687,-73.944118
3157,East End Ave & E 86 St,40.77518615,-73.94446054
3287,W 87 St & West End Ave,40.789622,-73.97757
3780,Wyckoff Av & Stanhope St,40.703545,-73.917775
530,11 Ave & W 59 St,40.77149671054441,-73.99046033620834
474,5 Ave & E 29 St,40.7451677,-73.98683077
238,Bank St & Washington St,40.7361967,-74.00859207
3069,Lorimer St & Broadway,40.70411791,-73.94818595
319,Fulton St & Broadway,40.711066,-74.009447
3659,W 17 St & 9 Ave,40.74294891660091,-74.00413691997528
3746,6 Ave & Broome St,40.724308321602166,-74.00473035871983
456,E 53 St & Madison Ave,40.7597108,-73.97402311
491,E 24 St & Park Ave S,40.74096374,-73.98602213
3370,E 78 St & 2 Ave,40.7727966,-73.95577801
3390,E 109 St & 3 Ave,40.79329668,-73.9432083
3453,Devoe St & Lorimer St,40.71335226222875,-73.9491033554077
349,Rivington St & Ridge St,40.71850211,-73.98329859
403,E 2 St & 2 Ave,40.72502876,-73.99069656
3568,34 St & 35 Ave,40.7569332,-73.9262231
3177,W 84 St & Broadway,40.7867947,-73.977112
436,Hancock St & Bedford Ave,40.68216564,-73.95399026
3081,Graham Ave & Grand St,40.711863,-73.944024
3164,Columbus Ave & W 72 St,40.7770575,-73.97898475
3791,Hoboken Ave at Monmouth St,40.73520838045357,-74.04696375131607
3881,12 Ave & W 125 St,40.818299,-73.960405
507,E 25 St & 2 Ave,40.73912601,-73.97973776
545,E 23 St & 1 Ave,40.737,-73.977
167,E 39 St & 3 Ave,40.7489006,-73.97604882
3082,Hope St & Union Ave,40.71167351,-73.95141312
3294,E 91 St & Park Ave,40.7835016,-73.955327
3761,Cedar St & Myrtle Ave,40.697842,-73.926241
3847,Cedar St & Evergreen Ave,40.69671,-73.92807
412,Forsyth St & Canal St,40.7158155,-73.99422366
3056,Kosciuszko St & Nostrand Ave,40.69072549,-73.95133465
3658,W 18 St & 9 Ave,40.7435337324616,-74.00367558002472
2022,E 60 St & York Ave,40.759107,-73.959223
3361,Carroll St & 6 Ave,40.6740886,-73.9787282
3769,White St & Johnson Ave,40.707174,-73.93581
3907,Central Ave & Melrose St,40.70112,-73.93039
3053,Marcy Ave & Lafayette Ave,40.6900815,-73.947915
3240,NYCBS Depot BAL - DYR,40.759030082196055,-73.99385869503021
3495,E 114 St & 1 Ave,40.7945663,-73.9362541
369,Washington Pl & 6 Ave,40.73224119,-74.00026394
3763,Wyckoff Av & Jefferson St,40.707165,-73.923711
3880,Willoughby Ave & Onderdonk Ave,40.7098,-73.91727
3899,Manhattan Av & Leonard St,40.72084,-73.94844
2008,Little West St & 1 Pl,40.70569254,-74.01677685
3152,3 Ave & E 71 St,40.76873687,-73.96119945
3335,Union St & 4 Ave,40.6772744,-73.98282002
376,John St & William St,40.70862144,-74.00722156
3874,Menahan St & Seneca Ave,40.70461,-73.91054
3901,Stanhope St & Fairview Ave,40.70998,-73.91116
3185,City Hall,40.7177325,-74.043845
3273,Manila & 1st,40.721650724879986,-74.04288411140442
3456,Jackson St & Leonard St,40.71638031973561,-73.94821286201477
3498,Pleasant Ave & E 120 St,40.7974772,-73.9311847
3538,W 110 St & Amsterdam Ave,40.802692,-73.96295
373,Willoughby Ave & Walworth St,40.69331716,-73.95381995
270,Adelphi St & Myrtle Ave,40.69308257,-73.97178913
3094,Graham Ave & Withers St,40.7169811,-73.94485918
3497,Pleasant Ave & E 116 St,40.7949879,-73.9333349
3508,St Nicholas Ave & Manhattan Ave,40.809725,-73.953149
297,E 15 St & 3 Ave,40.734232,-73.986923
3083,Bushwick Ave & Powers St,40.71247661,-73.94100005
3141,1 Ave & E 68 St,40.76500525,-73.95818491
3144,E 81 St & Park Ave,40.77677702,-73.9590097
3734,E 58 St &  1 Ave (NW Corner),40.759125,-73.962658
3832,Central Ave & Weirfield St,40.69055,-73.91181
303,Mercer St & Spring St,40.72362738,-73.99949601
3109,Banker St & Meserole Ave,40.72606,-73.95621
3322,12 St & 4 Ave,40.668603,-73.9904394
3410,Dean St & Hoyt St,40.6864442,-73.98759104
3861,Menahan St & Wyckoff Ave,40.70113,-73.91422
144,Nassau St & Navy St,40.69839895,-73.98068914
3122,48 Ave & 5 St,40.744363287066875,-73.9558732509613
3375,3 Ave & E 72 St,40.7699426,-73.96060712
3431,E 35 St & 3 Ave,40.746524,-73.977885
3756,White St & Moore St,40.704508,-73.9351
3818,Calyer St & Jewel St,40.72984,-73.94839
531,Forsyth St & Broome St,40.71893904,-73.99266288
3236,W 42 St & Dyer Ave,40.75898481399634,-73.99379968643188
3304,6 Ave & 9 St,40.668127,-73.98377641
241,DeKalb Ave & S Portland Ave,40.68981035,-73.97493121
3628,Lenox Ave & W 117 St,40.8025566,-73.9490782
3766,Sharon St & Olive St,40.715353,-73.93856
3817,Withers St & Kingsland Ave,40.71773,-73.94051
82,St James Pl & Pearl St,40.71117416,-74.00016545
3147,E 85 St & 3 Ave,40.77801203,-73.95407149
3520,Adam Clayton Powell Blvd & W 118 St,40.804372,-73.951475
3681,Grand St,40.71517767732029,-74.03768330812454
3417,Baltic St & 5 Ave,40.6795766,-73.97854971
3530,Crescent St & Ditmars Blvd,40.7787185,-73.9145645
3537,Carlton Ave & Dean St,40.6809741,-73.9710097
3555,28 St & 41 Ave,40.751047,-73.93797
3256,Pier 40 - Hudson River Park,40.7277140777778,-74.01129573583603
3397,Court St & Nelson St,40.6763947,-73.99869893
3398,Smith St & 9 St,40.6746957,-73.99785768
3870,Melrose St & Broadway,40.697481,-73.935877
3493,E 118 St & 3 Ave,40.799139,-73.9389152
3545,Broadway & W 122 St,40.8120562,-73.9612547
245,Myrtle Ave & St Edwards St,40.69327018,-73.97703874
285,Broadway & E 14 St,40.73454567,-73.99074142
3165,Central Park West & W 72 St,40.77579376683666,-73.9762057363987
3690,Park Pl & Church St,40.71334184275907,-74.00935515761375
3755,DeKalb Ave & Franklin Ave,40.69064807082943,-73.95746178925037
3270,Jersey & 6th St,40.72528910781132,-74.04557168483734
3318,2 Ave & E 96 St,40.7839636,-73.9471673
3332,Degraw St & Hoyt St,40.681990442707026,-73.99079024791718
3593,31 St & Broadway,40.761584,-73.925921
3840,Putnam Ave & Wyckoff Ave,40.69811,-73.90904
3846,Central Ave & Himrod St,40.69676,-73.92302
3887,Flushing Ave & Woodward Ave,40.71246,-73.91873
398,Atlantic Ave & Furman St,40.69165183,-73.9999786
450,W 49 St & 8 Ave,40.76227205,-73.98788205
471,Grand St & Havemeyer St,40.71286844,-73.95698119
293,Lafayette St & E 8 St,40.731,-73.992
3050,Putnam Ave & Throop Ave,40.6851532,-73.94111
3142,1 Ave & E 62 St,40.761,-73.962
3382,Carroll St & Smith St,40.680611,-73.99475825
3701,Cliff St & Fulton St (Old),40.70831794366396,-74.00504082441329
380,W 4 St & 7 Ave S,40.73401143,-74.00293877
247,Perry St & Bleecker St,40.73535398,-74.00483091
3156,E 72 St & York Ave,40.76663814,-73.95348296
3158,W 63 St & Broadway,40.77163851,-73.98261428
3184,Paulus Hook,40.7141454,-74.0335519
3258,W 27 St & 10 Ave,40.75018156325683,-74.00218427181244
3344,Pioneer St & Van Brunt St,40.679043,-74.011169
3500,E 115 St & Madison Ave,40.7989445,-73.944846
3617,28 Ave & 35 St,40.7671,-73.9169858
3704,47 Ave & Skillman Ave,40.7437524099784,-73.94176483154297
414,Pearl St & Anchorage Pl,40.70281858,-73.98765762
482,W 15 St & 7 Ave,40.73935542,-73.99931783
3654,31 St & Northern Blvd,40.75186951421875,-73.93349289894103
3872,Hancock St & Wyckoff Ave,40.6972,-73.90674
261,Johnson St & Gold St,40.69474881,-73.98362464
281,Grand Army Plaza & Central Park S,40.764,-73.974
3135,E 75 St & 3 Ave,40.77112927,-73.95772297
3178,Riverside Dr & W 78 St,40.78414472,-73.98362492
3531,Frederick Douglass Blvd & W 129 St,40.8125511,-73.9492286
461,E 20 St & 2 Ave,40.73587678,-73.98205027
3065,Union Ave & Wallabout St,40.70029511,-73.95032283
3192,Liberty Light Rail,40.7112423,-74.0557013
3668,Leonard St & Nassau Ave,40.7239567849954,-73.94984364509583
3843,Myrtle Ave & Grove St,40.69905,-73.91516
3873,Madison St & Cypress Ave,40.70068,-73.90742
394,E 9 St & Avenue C,40.72521311,-73.97768752
3085,Roebling St & N 4 St,40.71469,-73.95739
360,William St & Pine St,40.70717936,-74.00887308
3900,Morgan Ave & Lombardy St,40.72226,-73.93889
416,Cumberland St & Lafayette Ave,40.68753406,-73.97265183
437,Macon St & Nostrand Ave,40.6809833854,-73.9500479759
3232,Bond St & Fulton St,40.68962188790333,-73.98304268717766
3851,Metropolitan Ave & Stewart Ave,40.71401,-73.92793
3349,Grand Army Plaza & Plaza St West,40.6729679,-73.97087984
3472,W 15 St & 10 Ave,40.742753828659026,-74.00747358798981
3542,Amsterdam Ave & W 119 St,40.8086249,-73.9596214
3616,Steinway St & 28 Ave,40.7656251,-73.9136695
363,West Thames St,40.70834698,-74.01713445
3815,E 51 St & 2 Ave,40.755293,-73.967641
3859,Lorimer St & Calyer St,40.72795,-73.95414
399,Lafayette Ave & St James Pl,40.68851534,-73.9647628
3359,E 68 St & Madison Ave,40.7691572,-73.96703464
3612,30 Ave & 21 St,40.7703743,-73.9286078
3799,6 Ave & W 34 St,40.74964,-73.98805
242,Carlton Ave & Flushing Ave,40.697787,-73.973736
350,Clinton St & Grand St,40.71559509,-73.9870295
3564,21 St & 36 Ave,40.7601853,-73.9362726
3589,Broadway & 12 St,40.7668,-73.9347774
366,Clinton Ave & Myrtle Ave,40.693261,-73.968896
540,Lexington Ave & E 29 St,40.74311555376486,-73.98215353488922
291,Madison St & Montgomery St,40.713126,-73.984844
3557,40 Ave & 9 St,40.75742,-73.945133
3827,Halsey St & Broadway,40.68565,-73.91564
536,1 Ave & E 30 St,40.74144387,-73.97536082
3169,Riverside Dr & W 82 St,40.78720869,-73.98128127
3306,10 St & 7 Ave,40.6662078,-73.98199886
3319,14 St & 5 Ave,40.666287,-73.98895053
3533,St. Nicholas Ave & W 126 St,40.8114323,-73.9518776
3673,Dean St & Franklin Ave,40.67759206937376,-73.955637216568
150,E 2 St & Avenue C,40.7208736,-73.98085795
526,E 33 St & 5 Ave,40.74765947,-73.98490707
2023,E 55 St & Lexington Ave,40.75968085,-73.97031366
3245,NYCBS DEPOT - DELANCEY,40.71644423134479,-73.9823305606842
382,University Pl & E 14 St (old),40.73492695,-73.99200509
3857,Engert Ave & McGuinness Blvd,40.72158,-73.94546
393,E 5 St & Avenue C,40.72299208,-73.97995466
3059,Pulaski St & Marcus Garvey Blvd,40.6933982,-73.939877
3367,5 Ave & E 103 St,40.791,-73.953
3381,3 St & Hoyt St,40.6777287,-73.99364123
3394,Columbia St & W 9 St,40.6769993,-74.00647134
3574,Prospect Pl & Underhill Ave,40.6769694,-73.96579
519,Pershing Square North,40.752,-73.977
259,South St & Whitehall St,40.70122128,-74.01234218
3835,Knickerbocker Ave & Hancock St,40.69385,-73.90974
3862,Linden St & Knickerbocker Ave,40.69714,-73.91566
217,Old Fulton St,40.70277159,-73.99383605
3062,Myrtle Ave & Marcy Ave,40.695,-73.950
3362,Madison Ave & E 82 St,40.7781314,-73.96069399
3598,Newton Rd & 44 St,40.7595701,-73.9142678
3820,Willoughby Ave & Myrtle Ave,40.69757,-73.93098
3869,Van Buren St & Broadway,40.692,-73.92617
500,Broadway & W 51 St,40.76228826,-73.98336183
173,Broadway & W 49 St,40.76068327096592,-73.9845272898674
243,Fulton St & Rockwell Pl,40.688226,-73.979382
515,W 43 St & 10 Ave,40.76009437,-73.99461843
239,Willoughby St & Fleet St,40.69196566,-73.9813018
3119,Vernon Blvd & 50 Ave,40.74232744,-73.95411749
3320,Central Park West & W 100 St,40.79406660818552,-73.96286845207214
3525,23 Ave & 27 St,40.776165,-73.9153175
3731,W 47 St & 6 Ave,40.758397,-73.98255
377,6 Ave & Canal St,40.72243797,-74.00566443
3795,10 St & 2 Ave,40.671907,-73.993612
3834,Irving Ave & Halsey St,40.69467,-73.90663
3856,Kingsland Ave & Nassau Ave,40.72577,-73.94173
3897,Onderdonk Ave & Dekalb Ave,40.70863,-73.91497
304,Broadway & Battery Pl,40.70463334,-74.01361706
3101,N 12 St & Bedford Ave,40.72079821,-73.95484712
316,Fulton St & William St,40.70955958,-74.00653609
3392,Commerce St & Van Brunt St,40.6812117,-74.00860912
3822,Bushwick Ave & Forrest St,40.70076,-73.93641
427,Bus Slip & State St,40.701907,-74.013942
3435,Grand St & Elizabeth St,40.718822,-73.99596
3697,W 64 St & Thelonious Monk Circle,40.77515953434235,-73.98918695747852
3812,University Pl & E 14 St,40.734814,-73.992085
402,Broadway & E 22 St,40.7403432,-73.98955109
236,St Marks Pl & 2 Ave,40.7284186,-73.98713956
3235,E 41 St & Madison Ave,40.752165280621966,-73.97992193698882
3289,W 90 St & Amsterdam Ave,40.79017948095081,-73.97288918495178
3374,Central Park North & Adam Clayton Powell Blvd,40.799484,-73.955613
3502,Lexington Ave & E 111 St,40.7954121,-73.9441232
3505,Lexington Ave & E 127 St,40.805726,-73.936322
407,Henry St & Poplar St,40.700469,-73.991454
266,Avenue D & E 8 St,40.72368361,-73.97574813
3016,Kent Ave & N 7 St,40.72036775298455,-73.96165072917938
3127,9 St & 44 Rd,40.74966,-73.9521
3407,Union St & Nevins St,40.67909799721684,-73.98765474557877
497,E 17 St & Broadway,40.73704984,-73.99009296
143,Clinton St & Joralemon St,40.69239502,-73.99337909
3123,31 St & Thomson Ave,40.74469738,-73.93540375
3426,JCBS Depot,40.70965083364061,-74.06860113143921
3841,Menahan St & Central Ave,40.69543,-73.9196
3041,Kingston Ave & Herkimer St,40.67890679,-73.94142771
3071,Boerum St & Broadway,40.70538077,-73.94976519
3150,E 85 St & York Ave,40.77536905,-73.94803392
3231,E 67 St & Park Ave,40.76780080148132,-73.96592080593109
3308,Kane St & Clinton St,40.6861758,-73.99645295
3364,Carroll St & 5 Ave,40.6751622,-73.9814832
3569,Franklin Ave & St Marks Ave,40.6758324,-73.9561677
490,8 Ave & W 33 St,40.751551,-73.993934
494,W 26 St & 8 Ave,40.74734825,-73.99723551
79,Franklin St & W Broadway,40.71911552,-74.00666661
313,Washington Ave & Park Ave,40.69610226,-73.96751037
336,Sullivan St & Washington Sq,40.73047747,-73.99906065
3486,Schermerhorn St & Bond St,40.688417427540834,-73.98451656103134
465,Broadway & W 41 St,40.75513557,-73.98658032
212,W 16 St & The High Line,40.743,-74.007
3088,Union Ave & Jackson St,40.7160751,-73.952029
346,Bank St & Hudson St,40.737,-74.007
480,W 53 St & 10 Ave,40.76669671,-73.99061728
116,W 17 St & 8 Ave,40.74177603,-74.00149746
3064,Myrtle Ave & Lewis Ave,40.69681963,-73.93756926
3356,Amsterdam Ave & W 66 St,40.7746671,-73.98470567
3400,E 110 St & Madison Ave,40.7961535,-73.94782145
3430,Richardson St & N Henry St,40.71907891179564,-73.94223690032959
3783,Cliff St & Fulton St,40.70838,-74.00495
3830,Halsey St & Evergreen Ave,40.68858,-73.91227
405,Washington St & Gansevoort St,40.739323,-74.008119
509,9 Ave & W 22 St,40.7454973,-74.00197139
3066,Tompkins Ave & Hopkins St,40.69957608,-73.94708417
314,Cadman Plaza West & Montague St,40.69383,-73.990539
3275,Columbus Drive,40.71835519823214,-74.03891444206238
3317,10 St & 5 Ave,40.6686273,-73.98700053
3383,Cathedral Pkwy & Broadway,40.804213,-73.96699104
3671,E 81 St & 2 Ave,40.774779448957275,-73.95427465438843
3759,Irving Ave & Jefferson St,40.70538,-73.92535
3831,Broadway & Hancock St,40.68663,-73.9168
513,W 56 St & 10 Ave,40.768254,-73.988639
3146,E 81 St & 3 Ave,40.77573034,-73.9567526
3206,Hilltop,40.7311689,-74.0575736
3331,Riverside Dr & W 104 St,40.8013434,-73.9711457439
358,Christopher St & Greenwich St,40.73291553,-74.00711384
3341,Central Park West & W 102 St,40.795346,-73.96186
3467,W Broadway & Spring St,40.72494672359416,-74.00165855884552
391,Clark St & Henry St,40.69760127,-73.99344559
2021,W 45 St & 8 Ave,40.75929124,-73.98859651
237,E 11 St & 2 Ave,40.73047309,-73.98672378
289,Monroe St & Classon Ave,40.6845683,-73.95881081
3132,E 59 St & Madison Ave,40.76350532,-73.97109243
3387,E 106 St & Madison Ave,40.7934337,-73.94945003
3411,Bond St & Bergen St,40.6849668,-73.98620772
3492,E 118 St & Park Ave,40.8005385,-73.9419949
3768,Waterbury St & Stagg St,40.71019,-73.93734
3787,Dock 72 Way & Market St,40.69985,-73.97141
3878,Cypress Ave & George St,40.69812,-73.90271
305,E 58 St & 3 Ave,40.76095756,-73.96724467
325,E 19 St & 3 Ave,40.73624527,-73.98473765
3124,46 Ave & 5 St,40.74731,-73.95451
342,Columbia St & Rivington St,40.71739973,-73.98016555
3714,Division Av & Hooper St,40.70684203101325,-73.9544353965357
454,E 51 St & 1 Ave,40.75455731,-73.96592976
472,E 32 St & Park Ave,40.7457121,-73.98194829
3086,Graham Ave & Conselyea St,40.715143,-73.944507
3143,5 Ave & E 78 St,40.77632142182271,-73.96427392959595
3267,Morris Canal,40.7124188237569,-74.03852552175522
3311,Columbia St & Kane St,40.68763155,-74.0016256
3313,6 Ave & 12 St,40.6663181,-73.9854617
3440,Fulton St & Adams St,40.692418292578466,-73.98949474096298
3621,27 Ave & 9 St,40.7739825,-73.9309134
3885,Onderdonk Ave & Gates Ave,40.70413,-73.90737
516,E 47 St & 1 Ave,40.75206862,-73.96784384
3100,Nassau Ave & Newell St,40.724812564400175,-73.94752621650696
3244,University Pl & E 8 St,40.73143724085228,-73.99490341544151
3286,E 89 St & 3 Ave,40.7806284,-73.9521667
3342,Pioneer St & Richards St,40.6777748,-74.0094613
3423,West Drive & Prospect Park West,40.6610633719006,-73.97945255041122
3543,Morningside Dr & Amsterdam Ave,40.81028506306003,-73.95736455917358
3825,Broadway & Furman Ave,40.68139,-73.90756
357,E 11 St & Broadway,40.73261787,-73.99158043
3629,Adam Clayton Powell Blvd & W 126 St,40.809495347779475,-73.94776493310928
3866,Wilson Ave & Moffat St,40.68906,-73.90506
3096,Union Ave & N 12 St,40.71924,-73.95242
3116,Huron St & Franklin St,40.73266,-73.95826
3686,Gansevoort St & Hudson St,40.739448201304036,-74.00507032871246
127,Barrow St & Hudson St,40.73172428,-74.00674436
3345,Madison Ave & E 99 St,40.78948541553215,-73.95242929458618
3425,2 Ave & E 104 St,40.7892105,-73.94370784
3785,W 42 St & 6 Ave,40.75492,-73.98455
3803,Bedford Ave & Montgomery St,40.665816,-73.956934
485,W 37 St & 5 Ave,40.749,-73.983
295,Pike St & E Broadway,40.71406667,-73.99293911
3254,Soissons Landing,40.69231660719192,-74.01486575603485
3556,24 St & 41 Ave,40.7527085,-73.9397405
3596,Sullivan Pl & Bedford Ave,40.6642406,-73.9574686
3675,3 Ave & E 95 St,40.784596798848916,-73.94968539476395
397,Fulton St & Clermont Ave,40.68415748,-73.96922273
409,DeKalb Ave & Skillman St,40.6906495,-73.95643107
514,12 Ave & W 40 St,40.76087502,-74.00277668
3075,Division Ave & Marcy Ave,40.70708701,-73.95796783
3091,Frost St & Meeker St,40.71764,-73.94882
3168,Central Park West & W 85 St,40.78472675,-73.96961715
3214,Essex Light Rail,40.7127742,-74.0364857
3602,31 Ave & 34 St,40.763154,-73.920827
420,Clermont Ave & Lafayette Ave,40.68764484,-73.96968902
3647,48 Ave & 30 Pl,40.74128309355993,-73.93725872039794
3664,North Moore St & Greenwich St,40.72019521437465,-74.0103006362915
546,E 30 St & Park Ave S,40.74444921,-73.98303529
3263,Cooper Square & Astor Pl,40.72951496224949,-73.99075269699097
3293,W 92 St & Broadway,40.7921,-73.9739
3458,W 55 St & 6 Ave,40.76309387270797,-73.9783501625061
3514,Astoria Park S & Shore Blvd,40.7767,-73.927631
386,Centre St & Worth St,40.71494807,-74.00234482
3209,Brunswick St,40.7241765,-74.0506564
3483,Montgomery St,40.71942,-74.05099
275,Washington Ave & Greene Ave,40.68650065,-73.96563307
3067,Broadway & Whipple St,40.7016657,-73.9437303
3129,Queens Plaza North & Crescent St,40.75110165,-73.94073717
3130,21 St & Queens Plaza North,40.75325964,-73.94335788
3303,Butler St & Court St,40.6849894,-73.99440329
3384,Smith St & 3 St,40.6787242,-73.99599099
3388,President St & Henry St,40.6828003,-73.99990419
3461,Murray St & Greenwich St,40.714851505262516,-74.01122331619263
3462,E 44 St & 2 Ave,40.75118387463277,-73.97138714790344
3561,37 Ave & 35 St,40.7531106,-73.9279917
3708,W 13 St & 5 Ave,40.735445,-73.99431
3077,Stagg St & Union Ave,40.70877084,-73.95095259
3108,Nassau Ave & Russell St,40.72557,-73.94434
3432,NYCBS Depot - GOW,40.66906013501107,-73.99463653564453
3481,York St,40.71649,-74.04105
3516,31 St & Astoria Blvd,40.7699176,-73.9184057
362,Broadway & W 37 St,40.752,-73.989
3779,Hart St & Wyckoff Ave,40.704876,-73.919911
3810,Central Park West & W 82 St,40.782593,-73.971211
3844,Myrtle Ave & Linden St,40.69943,-73.91337
3076,Scholes St & Manhattan Ave,40.70870368,-73.9448625
3474,6 Ave & Spring St,40.7252556952547,-74.00412082672119
3687,E 33 St & 1 Ave,40.74322681432173,-73.97449783980846
3804,Front St & Jay St,40.702461,-73.986842
312,Allen St & Stanton St,40.722055,-73.989111
3242,Schermerhorn St & Court St,40.69102925677968,-73.99183362722397
3510,Adam Clayton Powell Blvd & W 123 St,40.8078316,-73.949373
265,Stanton St & Chrystie St,40.72229346,-73.99147535
3205,JC Medical Center,40.71653978099194,-74.0496379137039
331,Pike St & Monroe St,40.71173107,-73.99193043
3424,E 106 St & Lexington Ave,40.791976,-73.945993
3805,E 80 St & Park Ave,40.776173,-73.959757
498,Broadway & W 32 St,40.74854862,-73.98808416
3575,Crescent St & 34 Ave,40.76108,-73.930562
3592,Crescent St & Broadway,40.7633589,-73.9286471
3638,Washington St,40.7242941,-74.0354826
3775,Suydam St & Knickerbocker Ave,40.702013,-73.923769
252,MacDougal St & Washington Sq,40.73226398,-73.99852205
3839,Putnam Ave & Knickerbocker Ave,40.69545,-73.91164
3888,Woodward Ave & Harman St,40.70793,-73.91092
426,West St & Chambers St,40.71754834,-74.01322069
315,South St & Gouverneur Ln,40.70355377,-74.00670227
3297,6 St & 7 Ave,40.6686627,-73.97988067
3363,E 102 St & Park Ave,40.7904828,-73.95033068
3401,2 Ave & 9 St,40.6724811,-73.99331394
3418,Plaza St West & Flatbush Ave,40.6750207,-73.97111473
3515,24 Ave & 26 St,40.774591,-73.918544
3684,W 12 St & W 4 St,40.73756121181137,-74.00398269295692
411,E 6 St & Avenue D,40.72228087,-73.97668709
3055,Greene Ave & Nostrand Ave,40.6883337,-73.950916
3302,Columbus Ave & W 103 St,40.7969347,-73.9643412291
3554,Vernon Blvd & 41 Rd,40.7552433,-73.9485678
400,Pitt St & Stanton St,40.71926081,-73.98178024
339,Avenue D & E 12 St,40.72580614,-73.97422494
3588,Vernon Blvd & 10 St,40.7671863,-73.9373554
473,Rivington St & Chrystie St,40.72110063,-73.9919254
3284,E 88 St & Park Ave,40.781410700190015,-73.95595908164978
3434,W 88 St & West End Ave,40.79025417330419,-73.97718340158461
3528,Steinway St & 23 Ave,40.7713937,-73.9077436
3776,Central Ave & Starr Street,40.700003,-73.92834
3890,Grove St & Broadway,40.69047,-73.923511
417,Barclay St & Church St,40.71291224,-74.01020234
83,Atlantic Ave & Fort Greene Pl,40.68382604,-73.97632328
3547,Broadway & Moylan Pl,40.8143256,-73.9590255
3586,34 Ave & 13 St,40.7638753,-73.9364848
3613,Center Blvd & 48 Ave,40.745038,-73.957539
3631,Crown St & Bedford Ave,40.666563,-73.956741
3854,Morgan Ave & Maspeth Ave,40.716,-73.935
3893,Rockaway Ave & Bainbridge St,40.68319988172761,-73.91166642308235
518,E 39 St & 2 Ave,40.74780373,-73.9734419
3513,21 St & Hoyt Ave S,40.774645,-73.923706
3637,Fulton St & Waverly Ave,40.683238654603414,-73.96599590778351
3908,Battery Pl & Greenwich St,40.70463,-74.01507
396,Lefferts Pl & Franklin Ave,40.680342423,-73.9557689392
3292,5 Ave & E 93 St,40.7857851,-73.957481
3457,E 58 St & Madison Ave,40.76302594280519,-73.97209525108337
3567,11 St & 35 Ave,40.7627442,-73.9391141
3614,Crescent St & 30 Ave,40.768692,-73.9249574
249,Harrison St & Hudson St,40.71870987,-74.0090009
3413,Wyckoff St & 3 Ave,40.6827549,-73.98258555
3499,2 Ave & E 122 St,40.8006721,-73.9349
3562,Classon Ave & St Marks Ave,40.6765198,-73.9596082
3853,Harrison Pl & Porter Ave,40.70686,-73.92851
445,E 10 St & Avenue A,40.72740794,-73.98142006
157,Henry St & Atlantic Ave,40.69089272,-73.99612349
260,Broad St & Bridge St,40.70365182,-74.01167797
3749,Lexington Ave & E 36 St,40.747573958954796,-73.9788007736206
3043,Lewis Ave & Decatur St,40.6814598,-73.934903
3102,Driggs Ave & Lorimer St,40.72179134,-73.9504154
3725,2 Ave & E 72 St,40.7687620293096,-73.95840793848038
3886,Menahan St & Onderdonk Ave,40.70553,-73.9096
264,Maiden Ln & Pearl St,40.70706456,-74.00731853
3211,Newark Ave,40.72152515,-74.046304543
3324,3 Ave & 14 St,40.6685455,-73.99333264
508,W 46 St & 11 Ave,40.764,-73.998
3376,E 65 St & 2 Ave,40.76471851944339,-73.96222069859505
3427,Lafayette St & Jersey St S,40.72430527250332,-73.99600982666016
3501,E 118 St & Madison Ave,40.8014866,-73.9442507
3620,11 St & 43 Ave,40.7519071,-73.9479119
3136,5 Ave & E 63 St,40.766368,-73.971518
3203,Hamilton Park,40.727595966,-74.044247311
3260,Mercer St & Bleecker St,40.72706363348306,-73.99662137031554
3298,Warren St & Court St,40.686371,-73.99383324
3762,3 Ave & Carroll St,40.677027,-73.9865
3829,Central Ave & Decatur St,40.6882,-73.90798
469,Broadway & W 53 St,40.76344058,-73.98268129
72,W 52 St & 11 Ave,40.76727216,-73.99392888
161,LaGuardia Pl & W 3 St,40.72917025,-73.99810231
3290,E 89 St & York Ave,40.7779453,-73.946041
3719,S Portland Ave & Atlantic Ave,40.68322254161595,-73.9738118648529
3765,Bushwick Ave & Stagg St,40.709897,-73.94008
3842,Bushwick Ave & Dekalb Ave,40.69502,-73.92825
3571,Bedford Ave & Bergen St,40.676368,-73.952918
3587,Carroll St & Washington Ave,40.6686744,-73.9618148
392,Jay St & Tech Pl,40.695065,-73.987167
151,Cleveland Pl & Spring St,40.722103786686034,-73.99724900722504
3479,Picnic Point,40.68512559515415,-74.02535319328308
355,Bayard St & Baxter St,40.71602118,-73.99974372
3604,Rogers Ave & Sterling St,40.6630619,-73.9538746
3782,Brooklyn Bridge Park - Pier 2,40.698458,-73.997178
489,10 Ave & W 28 St,40.75066386,-74.00176802
2010,Grand St & Greene St,40.72165481,-74.00234737
3070,McKibbin St & Manhattan Ave,40.70510918,-73.94407279
321,Cadman Plaza E & Red Cross Pl,40.69991755,-73.98971773
367,E 53 St & Lexington Ave,40.75828065,-73.97069431
487,E 20 St & FDR Drive,40.734,-73.977
3173,Riverside Blvd & W 67 St,40.777507027547976,-73.98888587951659
3259,9 Ave & W 28 St,40.74937024193277,-73.99923384189606
3357,W 106 St & Amsterdam Ave,40.8008363,-73.9664492472
353,S Portland Ave & Hanson Pl,40.68539567,-73.97431458
3648,Flushing Ave & Vanderbilt Ave,40.697950315695444,-73.97077560424805
3767,Powers St & Olive St,40.71323,-73.93894
262,Washington Park,40.6917823,-73.9737299
3155,Lexington Ave & E 63 St,40.76440023,-73.96648977
3163,Central Park West & W 68 St,40.7734066,-73.97782542
3166,Riverside Dr & W 72 St,40.78057799010334,-73.98562431335449
3404,7 St & 5 Ave,40.6704922,-73.98541675
3591,21 St & 31 Dr,40.7659,-73.930819
499,Broadway & W 60 St,40.76915505,-73.98191841
3416,7 Ave & Park Pl,40.6776147,-73.97324283
368,Carmine St & 6 Ave,40.73038599,-74.00214988
3680,E 43 St & 5 Ave,40.754120810779256,-73.98025184869766
3845,Irving Ave & Harman St,40.70108,-73.9179
3326,Clinton St & Centre St,40.67434,-74.00194698
3477,39 St & 2 Ave - Citi Bike HQ at Industry City,40.65539977447831,-74.01062786579132
529,W 42 St & 8 Ave,40.7575699,-73.99098507
278,Concord St & Bridge St,40.69766564,-73.98476437
3040,Handlebar @ Gowanus,40.66979964220026,-73.99497985839844
337,Old Slip & Front St,40.7037992,-74.00838676
3371,4 Ave & 2 St,40.674613422475815,-73.98501142859459
3611,Vernon Blvd & 47 Rd,40.7449067,-73.9534573
460,S 4 St & Wythe Ave,40.71285887,-73.96590294
2003,1 Ave & E 18 St,40.733812191966315,-73.98054420948029
254,W 11 St & 6 Ave,40.73532427,-73.99800419
3396,Clinton St & 4 Place,40.6783563,-74.00014502
311,Norfolk St & Broome St,40.7172274,-73.98802084
3175,W 70 St & Amsterdam Ave,40.77748046,-73.98288594
3522,37 St & 24 Ave,40.7701477,-73.9120938
3824,Van Sinderen Ave & Truxton St,40.6786,-73.90369
435,W 21 St & 6 Ave,40.74173969,-73.99415556
324,DeKalb Ave & Hudson Ave,40.689888,-73.981013
340,Madison St & Clinton St,40.71269042,-73.98776323
3601,Sterling St & Bedford Ave,40.6627059,-73.9569115
3798,W 40 St & 5 Ave,40.752269,-73.982079
504,1 Ave & E 16 St,40.73221853,-73.98165557
NULL,NULL,40.854,-73.899
301,E 2 St & Avenue B,40.72217444,-73.98368779
3403,4 Ave & 9 St,40.6705135,-73.98876585
3422,Columbia St & Degraw St,40.6859296,-74.00242364
3198,Heights Elevator,40.748715945380226,-74.04044330120087
3223,E 55 St & 3 Ave,40.758996559605116,-73.96865397691727
532,S 5 Pl & S 5 St,40.710451,-73.960876
330,Reade St & Broadway,40.71450451,-74.00562789
3199,Newport Pkwy,40.7287448,-74.0321082
332,Cherry St,40.71219906,-73.97948148
216,Columbia Heights & Cranberry St,40.70037867,-73.99548059
3443,W 52 St & 6 Ave,40.76132983124814,-73.97982001304626
522,E 51 St & Lexington Ave,40.75714758,-73.97207836
119,Park Ave & St Edwards St,40.69608941,-73.97803415
3412,Pacific St & Nevins St,40.6853761,-73.98302136
3419,Douglass St & 4 Ave,40.6792788,-73.98154004
3573,35 St & 34 Ave,40.7580583,-73.9242751
3093,N 6 St & Bedford Ave,40.71745169,-73.95850939
3552,W 113 St & Broadway,40.805973,-73.964928
3715,Driggs Ave & N 9 St,40.71816969454208,-73.95520135760307
438,St Marks Pl & 1 Ave,40.72779126,-73.98564945
